Seq No,Item No,Description
1,67,APR/CBRN Respirator L
2,70,CBRN Canister PN 10046570
3,46,2nd Chance Body Armor
4,3,Baton (Mon) + Holder
5,50,Belt Keepers (4)
6,12,Double Magazine Pouch
7,47,Duty Belt (Nylon)
8,11,Glove Pouch
9,55,HT Trauma Plate
10,13,M17 Holster System R
11,49,Pepper Spray + OC Pouch
12,18,Prlss H-cuffs  Key + Pouch
13,71,Safariland M9 Holster R (Plthr)
14,88,Strion Flashlight
15,112,2nd Chance Int Body Armor
16,28,3M ACH Headset Single Com
17,79,3M PTT Adapter
18,31,Black Mustang Survival MD3196
19,24,HiVis Jacket XL
20,48,Patrol Bag
21,40,Spec-OPS Helmet XL
22,102,Streamlight ProTAC Flashlight
23,16,Strobe Light
24,26,Blackhawk Hawkhook Knife
25,65,ESS Eye Pro Goggles
26,78,Ear Piece
27,57,HJC Helmet XL
28,32,Life CPR Mask
29,113,PFD 1055 FJ Windward XXXL
30,83,Patrol Gloves M
31,29,Tourniquet + Holder
