Seq No,Item No,Description
1,69,APR/CBRN Respirator S
2,70,CBRN Canister PN 10046570
3,46,2nd Chance Body Armor
4,3,Baton (Mon) + Holder
5,50,Belt Keepers (4)
6,90,Belt Liner
7,12,Double Magazine Pouch
8,86,Duty Belt S (Nylon)
9,89,Flashlight Ring
10,55,HT Trauma Plate
11,49,Pepper Spray + OC Pouch
12,2,Radio Pouch
13,9,Safariland M9 Holster R
14,80,Silent Key Hld
15,88,Strion Flashlight
16,92,Body Armor - Fr Panel
17,65,ESS Eye Pro Goggles
18,91,Flashlight Pouch
19,24,HiVis Jacket XL
20,48,Patrol Bag
21,93,ESS Eye Pro
22,16,Strobe Light
23,51,2016 Em Resp Guide
24,28,3M ACH Headset Single Com
25,79,3M PTT Adapter
26,31,Black Mustang Survival MD3196
27,26,Blackhawk Hawkhook Knife
28,25,Cruiser Mate II Doc Holder
29,78,Ear Piece
30,61,HJC Helmet S
31,32,Life CPR Mask
32,13,M17 Holster System R
33,82,Patrol Gloves S
34,94,Spec-OPS Helmet
35,,
36,29,Tourniquet + Holder
