Seq #,Item #,Description,Qty,Qty Assigned,Location
1,28,3M ACH Headset Single Com,75,10,Bin 15
2,112,2nd Chance Int Body Armor,59,1,Issued
3,104,Glove Pouch (Plthr),29,1,Issued
4,48,Patrol Bag,71,14,Shelve 2 Pos 4
5,93,ESS Eye Pro,70,5,Issued
6,89,Flashlight Ring,44,6,Issued
7,84,Patrol Gloves L,45,5,Bin 27
8,23,Strion LED Flashlight,89,3,Bin 9
9,81,Patrol Gloves,49,1,Bin 25
10,18,Prlss H-cuffs  Key + Pouch,61,14,Bin 2
11,25,Cruiser Mate II Doc Holder,75,9,Bin 10
12,111,HiVis Jacket M,34,1,Issued
13,57,HJC Helmet XL,5,3,Connex 5
14,26,Blackhawk Hawkhook Knife,70,15,Bin 12
15,6,M16 Magazine Holder,72,3,Bin 10
16,46,2nd Chance Body Armor,75,10,Issued
17,96,2nd Chance Body Armor XL,24,1,Issued
18,66,HiVis Jacket L,24,1,Bin 12
19,94,Spec-OPS Helmet,33,2,Issued
20,105,Flashlight Pouch (Plthr),29,1,Issued
21,91,Flashlight Pouch,63,2,Issued
22,22,Baton (ASP) + Holder,55,9,Bin 7
23,102,Streamlight ProTAC Flashlight,45,5,Issued
24,86,Duty Belt S (Nylon),33,2,Bin 47
25,101,Silent Key Hld (Plthr),49,1,Issued
26,92,Body Armor - Fr Panel,29,1,Issued
27,52,Small Doc Holder,77,7,Bin 11
28,58,Safety Vest,80,5,ARC
29,99,HiVis Jacket 2XL,19,1,Issued
30,2,Radio Pouch,70,15,Bin 3
31,63,OC Pouch,19,1,Bin 28
32,50,Belt Keepers (4),69,15,Bin 16
33,53,Crossbow Eye Pro,83,2,Bin 35
34,55,HT Trauma Plate,25,13,Bin 35
35,90,Belt Liner,59,6,Issued
36,37,Spec-OPS Helmet S,76,0,Shelve 1 Pos 10
37,40,Spec-OPS Helmet XL,26,4,Shelve 1 Pos 11
38,39,Spec-OPS Helmet L,19,6,Shelve 1 Pos 10
39,38,Spec-OPS Helmet M,23,2,Shelve 1 Pos 10
40,36,IEC Type A AC Charger Cord,17,0,Bin 40
41,113,PFD 1055 FJ Windward XXXL,34,1,Issued
42,32,Life CPR Mask,61,15,Bin 17
43,11,Glove Pouch,55,10,Bin 6
44,74,GH Body Armor Int M,28,1,Issued
45,75,GH Body Armor Int S,19,1,Issued
46,73,GH Body Armor Int L,29,1,Issued
47,114,GH Body Armor Int,34,1,Issued
48,110,Maglight Flashlight,24,1,Issued
49,45,GH Trauma Pad,24,1,Shelve 1 Pos 7
50,83,Patrol Gloves M,47,3,Bin 26
51,13,M17 Holster System R,38,12,A-Room
52,14,M17 Holster System L,6,1,A-Room
53,88,Strion Flashlight,44,6,Issued
54,115,Holster Level 2,19,1,Issued
55,56,OTTO PTT,10,2,A-Room
56,9,Safariland M9 Holster R,73,12,Bin 3
57,71,Safariland M9 Holster R (Plthr),46,4,Supp Room
58,15,Safariland M9 Holster L,12,0,Bin 3
59,72,Safariland M9 Holster L (Plthr),10,0,Supply Room
60,62,Duty Belt  lthr + Belt Liner (Nylon),9,1,Bin 46
61,80,Silent Key Hld,74,6,Issued
62,95,Duty Belt (Plthr),47,3,Issued
63,69,APR/CBRN Respirator S,6,4,Connex 4
64,68,APR/CBRN Respirator M,11,7,Connex 4
65,67,APR/CBRN Respirator L,10,5,Connex 4
66,60,HJC Helmet M,8,2,Connex 5
67,51,2016 Em Resp Guide,113,7,Bin 47
68,109,Mustang Dry Suit MR,49,1,Issued
69,116,Mustang Dry Suit XL,19,1,Issued
70,35,Strion Charger AC/DC USB,44,1,Bin 39
71,76,Body Armor External,48,1,Issued
72,98,H-Cuff Case,49,1,Issued
73,3,Baton (Mon) + Holder,60,5,Bin 4
74,87,Baton (Mon) + Holder (Plthr),47,3,Issued
75,77,HiVis Jacket,62,2,Issued
76,27,Listen Only Earpiece,75,2,Bin 13
77,108,Skull Cap,74,1,Issued
78,59,HJC Helmet L,12,3,Connex 5
79,42,GH Body Armor Ext M,35,0,Shelve 1 Pos 4
80,41,GH Body Armor Ext S,34,1,Shelve 1 Pos 4
81,43,GH Body Armor Ext L,34,1,Shelve 1 Pos 5-7
82,44,GH Body Armor Ext XL,2,2,Shelve 1 Pos 7
83,100,Duty Belt (Lthr),19,1,Issued
84,78,Ear Piece,78,11,Bin 15
85,34,Protector P16 Baton,17,0,Bin 49
86,82,Patrol Gloves S,22,3,Bin 26
87,97,Duty Belt M (Nylon),19,1,Issued
88,106,Blk Nylon Bpck (Boat Bag),74,1,Issued
89,117,Mustang Surv Jacket XXL,9,1,Issued
90,70,CBRN Canister PN 10046570,74,16,Connex 4
91,12,Double Magazine Pouch,69,16,Bin 1
92,61,HJC Helmet S,4,1,Connex 5
93,85,Patrol Gloves XL,30,0,Bin 28
94,65,ESS Eye Pro Goggles,42,8,Bin 35
95,79,3M PTT Adapter,70,10,Issued
96,33,Duty Belt incl Kprs + Liner,85,0,Bins 21-24
97,47,Duty Belt (Nylon),65,9,Issued
98,31,Black Mustang Survival MD3196,56,8,Bin 14
99,103,Radio Pouch (Plthr),48,2,Issued
100,16,Strobe Light,74,11,Bin 16
101,21,Lanyard (Pistol),34,0,Bin 7
102,54,Body Armor,4,1,Shelve 2 Pos 1
103,29,Tourniquet + Holder,70,15,Bin 11
104,49,Pepper Spray + OC Pouch,60,15,Bin 10
105,24,HiVis Jacket XL,57,8,Bin 8
