Seq No,Item No,Description
1,67,APR/CBRN Respirator L
2,70,CBRN Canister PN 10046570
3,51,2016 Em Resp Guide
4,22,Baton (ASP) + Holder
5,50,Belt Keepers (4)
6,26,Blackhawk Hawkhook Knife
7,25,Cruiser Mate II Doc Holder
8,78,Ear Piece
9,44,GH Body Armor Ext XL
10,73,GH Body Armor Int L
11,59,HJC Helmet L
12,32,Life CPR Mask
13,48,Patrol Bag
14,49,Pepper Spray + OC Pouch
15,18,Prlss H-cuffs  Key + Pouch
16,2,Radio Pouch
17,9,Safariland M9 Holster R
18,58,Safety Vest
19,80,Silent Key Hld
20,52,Small Doc Holder
21,39,Spec-OPS Helmet L
22,35,Strion Charger AC/DC USB
23,23,Strion LED Flashlight
24,16,Strobe Light
25,29,Tourniquet + Holder
26,97,Duty Belt M (Nylon)
