Seq No,Item No,Description
1,67,APR/CBRN Respirator L
2,70,CBRN Canister PN 10046570
3,12,Double Magazine Pouch
4,47,Duty Belt (Nylon)
5,49,Pepper Spray + OC Pouch
6,46,2nd Chance Body Armor
7,22,Baton (ASP) + Holder
8,50,Belt Keepers (4)
9,98,H-Cuff Case
10,55,HT Trauma Plate
11,48,Patrol Bag
12,2,Radio Pouch
13,9,Safariland M9 Holster R
14,26,Blackhawk Hawkhook Knife
15,25,Cruiser Mate II Doc Holder
16,65,ESS Eye Pro Goggles
17,78,Ear Piece
18,99,HiVis Jacket 2XL
19,32,Life CPR Mask
20,13,M17 Holster System R
21,84,Patrol Gloves L
22,29,Tourniquet + Holder
