Seq No,Item No,Description
1,68,APR/CBRN Respirator M
2,70,CBRN Canister PN 10046570
3,50,Belt Keepers (4)
4,12,Double Magazine Pouch
5,62,Duty Belt  lthr + Belt Liner (Nylon)
6,49,Pepper Spray + OC Pouch
7,18,Prlss H-cuffs  Key + Pouch
8,46,2nd Chance Body Armor
9,28,3M ACH Headset Single Com
10,22,Baton (ASP) + Holder
11,11,Glove Pouch
12,55,HT Trauma Plate
13,24,HiVis Jacket XL
14,115,Holster Level 2
15,32,Life CPR Mask
16,48,Patrol Bag
17,2,Radio Pouch
18,80,Silent Key Hld
19,39,Spec-OPS Helmet L
20,88,Strion Flashlight
21,16,Strobe Light
22,29,Tourniquet + Holder
23,79,3M PTT Adapter
24,116,Mustang Dry Suit XL
25,31,Black Mustang Survival MD3196
26,26,Blackhawk Hawkhook Knife
27,78,Ear Piece
28,13,M17 Holster System R
29,117,Mustang Surv Jacket XXL
30,84,Patrol Gloves L
31,103,Radio Pouch (Plthr)
