Seq No,Item No,Description
1,68,APR/CBRN Respirator M
2,70,CBRN Canister PN 10046570
3,22,Baton (ASP) + Holder
4,50,Belt Keepers (4)
5,90,Belt Liner
6,12,Double Magazine Pouch
7,47,Duty Belt (Nylon)
8,11,Glove Pouch
9,49,Pepper Spray + OC Pouch
10,18,Prlss H-cuffs  Key + Pouch
11,2,Radio Pouch
12,9,Safariland M9 Holster R
13,80,Silent Key Hld
14,46,2nd Chance Body Armor
15,89,Flashlight Ring
16,55,HT Trauma Plate
17,110,Maglight Flashlight
18,51,2016 Em Resp Guide
19,28,3M ACH Headset Single Com
20,79,3M PTT Adapter
21,31,Black Mustang Survival MD3196
22,26,Blackhawk Hawkhook Knife
23,25,Cruiser Mate II Doc Holder
24,65,ESS Eye Pro Goggles
25,78,Ear Piece
26,59,HJC Helmet L
27,111,HiVis Jacket M
28,32,Life CPR Mask
29,13,M17 Holster System R
30,82,Patrol Gloves S
31,39,Spec-OPS Helmet L
32,102,Streamlight ProTAC Flashlight
33,16,Strobe Light
34,29,Tourniquet + Holder
