Seq No,Item No,Description
1,68,APR/CBRN Respirator M
2,70,CBRN Canister PN 10046570
3,87,Baton (Mon) + Holder (Plthr)
4,50,Belt Keepers (4)
5,90,Belt Liner
6,12,Double Magazine Pouch
7,95,Duty Belt (Plthr)
8,49,Pepper Spray + OC Pouch
9,18,Prlss H-cuffs  Key + Pouch
10,71,Safariland M9 Holster R (Plthr)
11,46,2nd Chance Body Armor
12,105,Flashlight Pouch (Plthr)
13,89,Flashlight Ring
14,104,Glove Pouch (Plthr)
15,55,HT Trauma Plate
16,32,Life CPR Mask
17,48,Patrol Bag
18,103,Radio Pouch (Plthr)
19,101,Silent Key Hld (Plthr)
20,88,Strion Flashlight
21,29,Tourniquet + Holder
22,28,3M ACH Headset Single Com
23,79,3M PTT Adapter
24,31,Black Mustang Survival MD3196
25,26,Blackhawk Hawkhook Knife
26,106,Blk Nylon Bpck (Boat Bag)
27,65,ESS Eye Pro Goggles
28,78,Ear Piece
29,60,HJC Helmet M
30,14,M17 Holster System L
31,109,Mustang Dry Suit MR
32,108,Skull Cap
33,39,Spec-OPS Helmet L
34,102,Streamlight ProTAC Flashlight
35,16,Strobe Light
