Seq No,Item No,Description
1,68,APR/CBRN Respirator M
2,70,CBRN Canister PN 10046570
3,46,2nd Chance Body Armor
4,28,3M ACH Headset Single Com
5,79,3M PTT Adapter
6,87,Baton (Mon) + Holder (Plthr)
7,50,Belt Keepers (4)
8,31,Black Mustang Survival MD3196
9,12,Double Magazine Pouch
10,95,Duty Belt (Plthr)
11,65,ESS Eye Pro Goggles
12,91,Flashlight Pouch
13,89,Flashlight Ring
14,43,GH Body Armor Ext L
15,11,Glove Pouch
16,55,HT Trauma Plate
17,77,HiVis Jacket
18,13,M17 Holster System R
19,48,Patrol Bag
20,84,Patrol Gloves L
21,49,Pepper Spray + OC Pouch
22,18,Prlss H-cuffs  Key + Pouch
23,2,Radio Pouch
24,71,Safariland M9 Holster R (Plthr)
25,80,Silent Key Hld
26,38,Spec-OPS Helmet M
27,102,Streamlight ProTAC Flashlight
28,88,Strion Flashlight
29,16,Strobe Light
