Seq No,Item No,Description
1,69,APR/CBRN Respirator S
2,70,CBRN Canister PN 10046570
3,46,2nd Chance Body Armor
4,22,Baton (ASP) + Holder
5,50,Belt Keepers (4)
6,26,Blackhawk Hawkhook Knife
7,12,Double Magazine Pouch
8,47,Duty Belt (Nylon)
9,65,ESS Eye Pro Goggles
10,78,Ear Piece
11,55,HT Trauma Plate
12,66,HiVis Jacket L
13,32,Life CPR Mask
14,48,Patrol Bag
15,83,Patrol Gloves M
16,49,Pepper Spray + OC Pouch
17,18,Prlss H-cuffs  Key + Pouch
18,2,Radio Pouch
19,9,Safariland M9 Holster R
20,38,Spec-OPS Helmet M
21,23,Strion LED Flashlight
22,29,Tourniquet + Holder
