Seq No,Item No,Description
1,22,Baton (ASP) + Holder
2,50,Belt Keepers (4)
3,12,Double Magazine Pouch
4,11,Glove Pouch
5,18,Prlss H-cuffs  Key + Pouch
6,2,Radio Pouch
7,9,Safariland M9 Holster R
8,51,2016 Em Resp Guide
9,26,Blackhawk Hawkhook Knife
10,52,Small Doc Holder
11,29,Tourniquet + Holder
12,53,Crossbow Eye Pro
13,55,HT Trauma Plate
14,56,OTTO PTT
15,16,Strobe Light
16,57,HJC Helmet XL
17,24,HiVis Jacket XL
18,32,Life CPR Mask
19,27,Listen Only Earpiece
20,58,Safety Vest
21,39,Spec-OPS Helmet L
22,67,APR/CBRN Respirator L
23,70,CBRN Canister PN 10046570
24,90,Belt Liner
25,100,Duty Belt (Lthr)
26,63,OC Pouch
27,28,3M ACH Headset Single Com
28,31,Black Mustang Survival MD3196
29,40,Spec-OPS Helmet XL
30,79,3M PTT Adapter
31,25,Cruiser Mate II Doc Holder
32,93,ESS Eye Pro
33,65,ESS Eye Pro Goggles
34,78,Ear Piece
35,13,M17 Holster System R
36,102,Streamlight ProTAC Flashlight
