Seq No,Item No,Description
1,22,Baton (ASP) + Holder
2,50,Belt Keepers (4)
3,12,Double Magazine Pouch
4,11,Glove Pouch
5,18,Prlss H-cuffs  Key + Pouch
6,2,Radio Pouch
7,9,Safariland M9 Holster R
8,51,2016 Em Resp Guide
9,47,Duty Belt (Nylon)
10,26,Blackhawk Hawkhook Knife
11,52,Small Doc Holder
12,29,Tourniquet + Holder
13,53,Crossbow Eye Pro
14,49,Pepper Spray + OC Pouch
15,54,Body Armor
16,55,HT Trauma Plate
17,56,OTTO PTT
18,16,Strobe Light
19,57,HJC Helmet XL
20,24,HiVis Jacket XL
21,32,Life CPR Mask
22,27,Listen Only Earpiece
23,58,Safety Vest
24,39,Spec-OPS Helmet L
